[{"text":"Makanan","children":[{"text":"Menu Sarapan","children":[{"id":"101001","text":"Bahan Kue"},{"id":"101002","text":"Roti"},{"id":"101003","text":"Sereal Oatmeal Bubur"},{"id":"101004","text":"Selai, Meses"}]},{"text":"Beras, Mie dan Pasta","children":[{"id":"102001","text":"Spaghetti Pasta Makr"},{"id":"102002","text":"Mie Instan"},{"id":"102003","text":"Mi & Sohun"},{"id":"102004","text":"Beras"}]},{"text":"Saus & Bumbu Masak","children":[{"id":"103001","text":"Minyak Goreng"},{"id":"103002","text":"Saos, Kecap, Sambal"},{"id":"103003","text":"Bumbu Instan"},{"id":"103004","text":"Bumbu Penyedap"},{"id":"103005","text":"Gula, Garam & Rempah"},{"id":"103006","text":"Minyak Lain, Cuka"},{"id":"103007","text":"Kacang-kacangan"}]},{"text":"Makanan Awetan","children":[{"id":"104001","text":"Seafood Kaleng"},{"id":"104002","text":"Daging Kaleng"},{"id":"104003","text":"Buah Kaleng"},{"id":"104004","text":"Makanan Kering"},{"id":"104005","text":"Makanan Beku"},{"id":"104006","text":"Makanan Hewan"},{"id":"104007","text":"Buah-buahan"}]},{"text":"Makanan Ringan","children":[{"id":"105001","text":"Biskuit"},{"id":"105002","text":"Snack"},{"id":"105003","text":"Snack Tradisional"},{"id":"105004","text":"Coklat"},{"id":"105005","text":"Kue"},{"id":"105006","text":"Permen"},{"id":"105007","text":"Es Krim"}]},{"text":"Obat-obatan","children":[{"id":"106001","text":"Obat Umum"},{"id":"106002","text":"Obat Luar"},{"id":"106003","text":"Obat Herbal"},{"id":"106004","text":"Suplemen"},{"id":"106005","text":"Makanan Diet"}]}]},{"text":"Minuman","children":[{"text":"Susu","children":[{"id":"201001","text":"Susu Khusus"},{"id":"201002","text":"Susu Anak"},{"id":"201003","text":"Susu & Sereal Bayi"},{"id":"201004","text":"Susu Hamil, Menyusui"},{"id":"201005","text":"Susu"}]},{"text":"Minuman Kemasan","children":[{"id":"202001","text":"Air Mineral"},{"id":"202002","text":"Soft Drink"},{"id":"202003","text":"Jus"},{"id":"202004","text":"Teh\/Kopi"},{"id":"202005","text":"Minuman Berenergi"},{"id":"202006","text":"Madu"},{"id":"202007","text":"Sirup"}]},{"text":"Minuman Seduh, Bubuk","children":[{"id":"203001","text":"Kopi"},{"id":"203002","text":"Teh"},{"id":"203003","text":"Minuman Tradisional"},{"id":"203004","text":"Serbuk Instan"}]}]},{"text":"Perawatan Pribadi","children":[{"text":"Perawatan Rambut","children":[{"id":"301001","text":"Shampoo"},{"id":"301002","text":"Conditioner"},{"id":"301003","text":"Hair Styling"},{"id":"301004","text":"Pewarna Rambut"},{"id":"301005","text":"Perawatan Rambut"}]},{"text":"Perawatan Gigi & Mulut","children":[{"id":"302001","text":"Pasta Gigi"},{"id":"302002","text":"Sikat Gigi"},{"id":"302003","text":"Obat Kumur"}]},{"text":"Alat Rias & Perawatan","children":[{"id":"303001","text":"Rias & Rawat Wajah"},{"id":"303002","text":"Rias & Rawat Rambut"},{"id":"303003","text":"Perawatan Kuku"},{"id":"303004","text":"Peralatan Mandi"},{"id":"303005","text":"Pencukur"}]},{"text":"Kosmetik","children":[{"id":"304001","text":"Kosmetik Mata"},{"id":"304002","text":"Kosmetik Bibir"},{"id":"304003","text":"Kosmetik Wajah"},{"id":"304004","text":"Kosmetik Kuku"},{"id":"304005","text":"Perawatan Wajah"},{"id":"304006","text":"Kapas Pembersih"}]},{"text":"Perawatan Pribadi","children":[{"id":"305001","text":"Sabun Batangan"},{"id":"305002","text":"Sabun Cair"},{"id":"305003","text":"Hand & Body Lotion"},{"id":"305004","text":"Parfum, Deodoran"},{"id":"305005","text":"Bedak, Body Talc"},{"id":"305006","text":"Kebutuhan Wanita"},{"id":"305007","text":"Personal Care Lain2"}]}]},{"text":"Rumah dan Dapur","children":[{"text":"Peralatan Rumah Tangga","children":[{"id":"401001","text":"Insektisida"},{"id":"401002","text":"Pengharum Ruangan"},{"id":"401003","text":"Pembersih Lantai"},{"id":"401004","text":"Alat Bersih Rumah"},{"id":"401005","text":"Perawatan Sepatu"},{"id":"401006","text":"Perawatan Mobil"},{"id":"401007","text":"Tisu, Tempat Tisu"},{"id":"401008","text":"Kresek, Kntg Plastik"}]},{"text":"Dapur & Meja Makan","children":[{"id":"402001","text":"Perkakas Masak"},{"id":"402002","text":"Peralatan Makan"},{"id":"402003","text":"Peralatan Minum"},{"id":"402004","text":"Peralatan Dapur"},{"id":"402005","text":"Pembersih Dapur"},{"id":"402006","text":"Peralatan Kue"},{"id":"402007","text":"Taplak, Cover"},{"id":"402008","text":"Wadah Makanan"},{"id":"402009","text":"Wadah Minuman"},{"id":"402010","text":"Alat Bersih Dapur"}]},{"text":"Pakaian & Kamar Tidur","children":[{"id":"403001","text":"Fabric Cleansing"},{"id":"403002","text":"Fabric Care"},{"id":"403003","text":"Lemari Pakaian"},{"id":"403004","text":"Kasur, Bantal, Sprei"},{"id":"403005","text":"Alat Fabric Care"},{"id":"403006","text":"Karpet, Korden"}]},{"text":"Kamar Mandi & WC","children":[{"id":"404001","text":"Peralatan KM"},{"id":"404002","text":"Alat Kebersihan KM"},{"id":"404003","text":"Pembersih KM, WC"}]},{"text":"Alat Tulis Kantor","children":[{"id":"405001","text":"Kertas, Amplop"},{"id":"405002","text":"Alat Tulis"},{"id":"405003","text":"Perlengkapan Kantor"},{"id":"405004","text":"Peralatan Gambar"},{"id":"405005","text":"Buku"},{"id":"405006","text":"Pulsa Elektronik"}]},{"text":"Listrik, Elektronik","children":[{"id":"406001","text":"Lampu Ruang"},{"id":"406002","text":"Lampu Emergency"},{"id":"406003","text":"Steker, Kabel"},{"id":"406004","text":"Bat, Charger, P Bank"},{"id":"406005","text":"Komputer, Radio"}]},{"text":"Aksesoris Rumah","children":[{"id":"407001","text":"Album Foto, Pigura"},{"id":"407002","text":"Jam, Cermin"},{"id":"407003","text":"Mainan & Celengan"},{"id":"407004","text":"Alat Pertukangan"},{"id":"407005","text":"Perlengkapan Pesta"},{"id":"407006","text":"Rak & Container"},{"id":"407007","text":"Hiasan, Taman"},{"id":"407008","text":"Perabot"},{"id":"407009","text":"Lain-lain Rumah"},{"id":"407010","text":"Koin Mainan"}]}]},{"text":"Busana","children":[{"text":"Busana Pria","children":[{"id":"501001","text":"Baju Pria"},{"id":"501002","text":"Celana Pria"},{"id":"501003","text":"Kaos Pria"},{"id":"501004","text":"Kaos Dalam Pria"},{"id":"501005","text":"Celana Dalam Pria"},{"id":"501006","text":"Jaket Pria"},{"id":"501007","text":"Dasi"}]},{"text":"Busana Wanita","children":[{"id":"502001","text":"Baju Wanita"},{"id":"502002","text":"Celana Wanita"},{"id":"502003","text":"Rok Wanita"},{"id":"502004","text":"Kaos Wanita"},{"id":"502005","text":"Kaos Dalam Wanita"},{"id":"502006","text":"Bra"},{"id":"502007","text":"Celana Dalam Wanita"},{"id":"502008","text":"Jaket Wanita"}]},{"text":"Busana Anak","children":[{"id":"503001","text":"Baju Anak"},{"id":"503002","text":"Celana Anak"},{"id":"503003","text":"Kaos Anak"},{"id":"503004","text":"Rok Anak"},{"id":"503005","text":"Pakaian Dalam Anak"},{"id":"503006","text":"Jaket Anak"}]},{"text":"Busana Muslim","children":[{"id":"504001","text":"Busana Muslim Pria"},{"id":"504002","text":"Busana Muslim Wanita"},{"id":"504003","text":"Busana Muslim Anak"},{"id":"504004","text":"Jilbab, Kerudung"}]},{"text":"Keperluan Ibadah","children":[{"id":"505001","text":"Sajadah"},{"id":"505002","text":"Songkok"},{"id":"505003","text":"Sarung"},{"id":"505004","text":"Mukena"},{"id":"505005","text":"Oleh-oleh Haji"}]},{"text":"Aksesoris","children":[{"id":"506001","text":"Aksesoris Wajah"},{"id":"506002","text":"Aksesoris Rambut"},{"id":"506003","text":"Cincin, Glg, Kalung"},{"id":"506004","text":"Aksesoris Baju"},{"id":"506005","text":"Boneka, Bantal Hias"},{"id":"506006","text":"Dompet"},{"id":"506007","text":"Sabuk"},{"id":"506008","text":"Arloji"},{"id":"506009","text":"Wadah, Gant Kunci"},{"id":"506010","text":"Aksesoris Badan"}]},{"text":"Sepatu & Tas","children":[{"id":"507001","text":"Sepatu"},{"id":"507002","text":"Sandal"},{"id":"507003","text":"Kaos Kaki"},{"id":"507004","text":"Tas Sekolah"},{"id":"507005","text":"Tas Wanita"},{"id":"507006","text":"Tas Pinggang"},{"id":"507007","text":"Tas Kertas\/Kosmetik"},{"id":"507008","text":"Tas Travel"}]},{"text":"Perlengkapan Bayi","children":[{"id":"508001","text":"Baju Bayi"},{"id":"508002","text":"Per. Makan Bayi"},{"id":"508003","text":"Per. Mandi Bayi"},{"id":"508004","text":"Per. Tidur Bayi"},{"id":"508005","text":"Pampers, Popok, Tisu"},{"id":"508010","text":"Bayi Lain-lain"}]},{"text":"Lain-lain","children":[{"id":"509001","text":"Seragam Sekolah"},{"id":"509002","text":"Handuk, Saputangan"},{"id":"509003","text":"Srg. Tangan, Masker"},{"id":"509004","text":"Payung, Jas Hujan"},{"id":"509009","text":"Parcel"},{"id":"509010","text":"Obral Minus"}]},{"text":"Konsinyasi","children":[{"id":"510001","text":"K Pakaian Pria"},{"id":"510002","text":"K Pakaian Wanita"},{"id":"510003","text":"K Pakaian Anak"},{"id":"510004","text":"K Busana Muslim Pria"},{"id":"510005","text":"K Busana Muslim Wan."},{"id":"510006","text":"K Busana Muslim Anak"},{"id":"510007","text":"K Keperluan Ibadah"}]}]}]